dt,AverageTemperature,AverageTemperatureUncertainty,Country
1833-01-01,-8.636999999999999,1.639,China
1833-02-01,-5.766,1.484,China
1833-03-01,-0.21199999999999972,1.523,China
1833-04-01,6.847,1.561,China
1833-05-01,12.857000000000001,1.306,China
1833-06-01,17.132,1.449,China
1833-07-01,19.432,1.618,China
1833-08-01,17.803,1.5930000000000002,China
1833-09-01,13.409,1.445,China
1833-10-01,6.034,1.473,China
1833-11-01,0.426,1.6840000000000002,China
1833-12-01,-6.853,1.786,China
1834-01-01,-10.880999999999998,1.367,China
1834-02-01,-5.7970000000000015,1.777,China
1834-03-01,1.896,1.537,China
1834-04-01,7.279,2.097,China
1834-05-01,13.542,1.431,China
1834-06-01,17.014,1.7919999999999998,China
1834-07-01,19.733,1.555,China
1834-08-01,17.908,1.4680000000000002,China
1834-09-01,13.841,1.721,China
1834-10-01,6.399,1.37,China
1834-11-01,0.373,1.7919999999999998,China
1834-12-01,-6.089,1.515,China
1835-01-01,-7.7799999999999985,1.828,China
1835-02-01,-4.743,1.459,China
1835-03-01,-0.18699999999999986,1.551,China
1835-04-01,7.346,1.544,China
1835-05-01,12.049000000000001,1.317,China
1835-06-01,16.19,1.694,China
1835-07-01,18.317,1.578,China
1835-08-01,16.826999999999998,1.3330000000000002,China
1835-09-01,11.886,1.476,China
1835-10-01,5.555,1.5319999999999998,China
1835-11-01,-2.156,1.4509999999999998,China
1835-12-01,-8.093,1.4680000000000002,China
1836-01-01,-8.617999999999999,1.43,China
1836-02-01,-6.027,1.589,China
1836-03-01,1.3,1.369,China
1836-04-01,6.9220000000000015,1.383,China
1836-05-01,,,China
1836-06-01,17.034000000000002,1.421,China
1836-07-01,19.273,1.517,China
1836-08-01,17.874000000000002,1.578,China
1836-09-01,12.888,1.991,China
1836-10-01,7.0539999999999985,2.532,China
1836-11-01,-2.3680000000000003,1.56,China
1836-12-01,-6.3199999999999985,1.681,China
1837-01-01,,,China
1837-02-01,,,China
1837-03-01,,,China
1837-04-01,,,China
1837-05-01,,,China
1837-06-01,,,China
1837-07-01,19.511,1.4,China
1837-08-01,18.208,1.279,China
1837-09-01,13.095,1.375,China
1837-10-01,6.185,1.469,China
1837-11-01,-1.972,1.472,China
1837-12-01,-6.206,1.793,China
1838-01-01,-11.732000000000001,2.129,China
1838-02-01,-6.760000000000002,1.785,China
1838-03-01,-0.5939999999999999,1.645,China
1838-04-01,7.167999999999999,1.371,China
1838-05-01,12.151,1.477,China
1838-06-01,17.238,1.486,China
1838-07-01,20.320999999999998,1.645,China
1838-08-01,18.585,1.882,China
1838-09-01,13.085,1.577,China
1838-10-01,6.9929999999999986,1.917,China
1838-11-01,-1.134,2.17,China
1838-12-01,-6.7410000000000005,1.779,China
1839-01-01,-9.02,1.835,China
1839-02-01,-5.002000000000002,1.87,China
1839-03-01,-1.7180000000000002,1.751,China
1839-04-01,7.152,1.705,China
1839-05-01,12.133,1.575,China
1839-06-01,16.983999999999998,1.501,China
1839-07-01,19.807,1.968,China
1839-08-01,18.542,1.872,China
1839-09-01,13.357999999999999,1.471,China
1839-10-01,5.759,1.991,China
1839-11-01,-2.505,1.763,China
1839-12-01,-9.261000000000001,1.749,China
1840-01-01,-8.354,1.959,China
1840-02-01,-5.882999999999999,1.769,China
1840-03-01,-0.5009999999999999,1.446,China
1840-04-01,7.827999999999999,1.5419999999999998,China
1840-05-01,13.377,1.6,China
1840-06-01,17.509999999999998,1.72,China
1840-07-01,20.408,1.359,China
1840-08-01,18.355,1.4269999999999998,China
1840-09-01,13.24,1.262,China
1840-10-01,5.558999999999998,1.4280000000000002,China
1840-11-01,-1.757,1.3159999999999998,China
1840-12-01,-7.558999999999998,1.464,China
1841-01-01,-10.354000000000001,1.6840000000000002,China
1841-02-01,-5.737,1.359,China
1841-03-01,-1.4380000000000002,1.068,China
1841-04-01,6.2650000000000015,1.695,China
1841-05-01,12.844000000000001,1.073,China
1841-06-01,16.733,1.916,China
1841-07-01,19.732,1.558,China
1841-08-01,18.165,1.666,China
1841-09-01,13.047,1.057,China
1841-10-01,6.600999999999999,1.283,China
1841-11-01,-1.528,1.074,China
1841-12-01,-8.181000000000001,1.6769999999999998,China
1842-01-01,-8.676,1.689,China
1842-02-01,-5.176,1.443,China
1842-03-01,2.0420000000000003,1.28,China
1842-04-01,8.524000000000001,1.015,China
1842-05-01,12.774,1.045,China
1842-06-01,16.842,1.237,China
1842-07-01,18.57,1.1,China
1842-08-01,17.789,1.579,China
1842-09-01,13.338,1.111,China
1842-10-01,6.289,1.268,China
1842-11-01,-1.305,1.331,China
1842-12-01,-5.669,1.246,China
1843-01-01,-8.042,1.278,China
1843-02-01,-3.91,1.395,China
1843-03-01,0.9720000000000002,1.391,China
1843-04-01,8.101,1.1,China
1843-05-01,12.334000000000001,1.042,China
1843-06-01,16.605,1.156,China
1843-07-01,19.379,1.449,China
1843-08-01,18.454,1.164,China
1843-09-01,13.55,1.01,China
1843-10-01,6.48,1.4780000000000002,China
1843-11-01,-1.301,1.2009999999999998,China
1843-12-01,-5.6549999999999985,1.693,China
1844-01-01,-8.011999999999999,1.2,China
1844-02-01,-5.7010000000000005,2.073,China
1844-03-01,1.6030000000000002,1.25,China
1844-04-01,6.928999999999999,1.171,China
1844-05-01,12.024,1.348,China
1844-06-01,16.802,1.195,China
1844-07-01,19.01,1.516,China
1844-08-01,18.212,1.321,China
1844-09-01,13.024,1.053,China
1844-10-01,7.039,1.031,China
1844-11-01,-0.481,1.582,China
1844-12-01,-7.830999999999999,1.185,China
1845-01-01,-7.781000000000001,1.28,China
1845-02-01,-6.311,2.109,China
1845-03-01,0.989,1.256,China
1845-04-01,7.5870000000000015,1.291,China
1845-05-01,13.343,1.157,China
1845-06-01,17.814,1.342,China
1845-07-01,19.566000000000006,1.257,China
1845-08-01,17.965999999999998,1.182,China
1845-09-01,13.379,1.046,China
1845-10-01,6.178,1.259,China
1845-11-01,-1.237,1.108,China
1845-12-01,-9.217,1.344,China
1846-01-01,-8.315999999999999,2.548,China
1846-02-01,-4.1450000000000005,2.305,China
1846-03-01,1.82,1.567,China
1846-04-01,6.635000000000002,1.0490000000000002,China
1846-05-01,12.54,1.142,China
1846-06-01,17.91,1.494,China
1846-07-01,20.339,1.362,China
1846-08-01,18.885,1.213,China
1846-09-01,13.954,1.233,China
1846-10-01,6.212000000000001,1.082,China
1846-11-01,-1.173,1.11,China
1846-12-01,-5.611000000000001,1.514,China
1847-01-01,-7.4769999999999985,1.749,China
1847-02-01,-5.0120000000000005,1.0759999999999998,China
1847-03-01,0.3880000000000001,1.404,China
1847-04-01,7.95,1.167,China
1847-05-01,12.657,0.974,China
1847-06-01,16.72,1.258,China
1847-07-01,19.687,1.011,China
1847-08-01,17.967,0.967,China
1847-09-01,13.285,1.096,China
1847-10-01,6.553,0.939,China
1847-11-01,0.361,1.062,China
1847-12-01,-7.994,1.196,China
1848-01-01,-10.861999999999998,1.249,China
1848-02-01,-4.909000000000002,1.652,China
1848-03-01,0.6740000000000002,1.162,China
1848-04-01,6.987,1.352,China
1848-05-01,12.685,1.14,China
1848-06-01,17.052,1.513,China
1848-07-01,19.714,1.039,China
1848-08-01,17.895,1.03,China
1848-09-01,13.154000000000002,1.236,China
1848-10-01,6.4689999999999985,1.147,China
1848-11-01,-1.3190000000000002,0.999,China
1848-12-01,-6.263,1.189,China
1849-01-01,-7.779,1.116,China
1849-02-01,-5.032,1.582,China
1849-03-01,1.694,1.591,China
1849-04-01,6.7730000000000015,1.485,China
1849-05-01,12.113,1.177,China
1849-06-01,17.051,1.09,China
1849-07-01,19.082,1.149,China
1849-08-01,18.477,1.07,China
1849-09-01,13.437999999999999,1.195,China
1849-10-01,6.537000000000001,1.618,China
1849-11-01,-1.145,1.355,China
1849-12-01,-7.9510000000000005,1.204,China
1850-01-01,-9.667,1.286,China
1850-02-01,-5.662000000000001,1.65,China
1850-03-01,1.3519999999999999,1.699,China
1850-04-01,6.279,1.41,China
1850-05-01,12.577,1.082,China
1850-06-01,16.993,1.119,China
1850-07-01,19.555,1.016,China
1850-08-01,18.340999999999998,1.381,China
1850-09-01,13.558,0.93,China
1850-10-01,6.557,1.525,China
1850-11-01,-1.895,1.533,China
1850-12-01,-7.1019999999999985,1.3630000000000002,China
1851-01-01,-8.463,0.975,China
1851-02-01,-5.7010000000000005,1.188,China
1851-03-01,-0.7230000000000001,1.288,China
1851-04-01,5.575,1.004,China
1851-05-01,12.562999999999999,1.328,China
1851-06-01,17.627,1.03,China
1851-07-01,19.942,1.245,China
1851-08-01,18.39,1.125,China
1851-09-01,13.148,1.024,China
1851-10-01,6.403,1.154,China
1851-11-01,-2.224,0.908,China
1851-12-01,-7.143,1.551,China
1852-01-01,-8.866999999999997,1.5830000000000002,China
1852-02-01,-6.925000000000002,1.112,China
1852-03-01,-1.233,1.381,China
1852-04-01,6.6640000000000015,1.359,China
1852-05-01,13.003,1.15,China
1852-06-01,17.581,1.086,China
1852-07-01,20.164,1.043,China
1852-08-01,17.961,1.021,China
1852-09-01,13.287,0.95,China
1852-10-01,7.2349999999999985,1.029,China
1852-11-01,-2.132,0.955,China
1852-12-01,-6.448,1.711,China
1853-01-01,-10.412,1.115,China
1853-02-01,-7.018000000000002,1.561,China
1853-03-01,0.5700000000000001,0.995,China
1853-04-01,6.508000000000001,0.989,China
1853-05-01,12.977,1.024,China
1853-06-01,17.816,0.8859999999999999,China
1853-07-01,20.668000000000003,0.97,China
1853-08-01,18.727,0.909,China
1853-09-01,14.270999999999999,0.991,China
1853-10-01,6.108,1.352,China
1853-11-01,-1.21,1.072,China
1853-12-01,-7.034,0.967,China
1854-01-01,-8.36,0.991,China
1854-02-01,-7.285,1.649,China
1854-03-01,1.277,0.927,China
1854-04-01,7.468,1.142,China
1854-05-01,13.737,1.097,China
1854-06-01,17.213,1.094,China
1854-07-01,20.464,1.031,China
1854-08-01,18.893,1.124,China
1854-09-01,13.767,1.125,China
1854-10-01,7.606,1.658,China
1854-11-01,-0.5529999999999999,1.1909999999999998,China
1854-12-01,-6.55,1.222,China
1855-01-01,-8.636999999999999,1.246,China
1855-02-01,-4.503,1.582,China
1855-03-01,1.137,1.3030000000000002,China
1855-04-01,9.113,1.101,China
1855-05-01,13.485,1.094,China
1855-06-01,17.564,1.133,China
1855-07-01,19.643,1.054,China
1855-08-01,18.485,1.046,China
1855-09-01,13.575,1.035,China
1855-10-01,6.504,1.23,China
1855-11-01,-1.259,1.215,China
1855-12-01,-6.92,1.871,China
1856-01-01,-8.836,1.293,China
1856-02-01,-7.404,1.374,China
1856-03-01,0.8550000000000001,1.232,China
1856-04-01,7.6110000000000015,1.193,China
1856-05-01,12.691,1.372,China
1856-06-01,17.713,1.473,China
1856-07-01,19.882,1.227,China
1856-08-01,18.102,1.325,China
1856-09-01,13.106,1.177,China
1856-10-01,6.4270000000000005,1.117,China
1856-11-01,-0.809,1.267,China
1856-12-01,-6.191,1.223,China
1857-01-01,-9.388,1.452,China
1857-02-01,-5.527,1.653,China
1857-03-01,0.6500000000000001,1.344,China
1857-04-01,7.0070000000000014,1.3259999999999998,China
1857-05-01,11.994000000000002,1.112,China
1857-06-01,16.758,1.0759999999999998,China
1857-07-01,19.457,1.079,China
1857-08-01,17.924,1.197,China
1857-09-01,13.398,1.063,China
1857-10-01,6.6370000000000005,1.18,China
1857-11-01,-1.271,1.327,China
1857-12-01,-6.122999999999998,1.307,China
1858-01-01,-7.7799999999999985,1.7919999999999998,China
1858-02-01,-5.114000000000001,1.2009999999999998,China
1858-03-01,0.7110000000000001,1.317,China
1858-04-01,8.311,1.415,China
1858-05-01,12.869000000000002,1.17,China
1858-06-01,17.118,1.189,China
1858-07-01,19.355,1.289,China
1858-08-01,18.221,1.113,China
1858-09-01,13.661,1.146,China
1858-10-01,7.098999999999998,1.163,China
1858-11-01,0.121,1.117,China
1858-12-01,-7.603,1.159,China
1859-01-01,-8.218,1.18,China
1859-02-01,-5.7589999999999995,1.321,China
1859-03-01,1.1980000000000002,1.095,China
1859-04-01,8.828,1.126,China
1859-05-01,13.895999999999999,0.962,China
1859-06-01,17.472,0.963,China
1859-07-01,19.473,1.0,China
1859-08-01,18.432000000000002,0.94,China
1859-09-01,13.275,0.969,China
1859-10-01,7.019,1.106,China
1859-11-01,-0.371,1.5319999999999998,China
1859-12-01,-6.823,1.32,China
1860-01-01,-9.758,1.41,China
1860-02-01,-5.915,1.4240000000000002,China
1860-03-01,-1.899,2.066,China
1860-04-01,7.167999999999999,1.203,China
1860-05-01,12.469000000000001,1.157,China
1860-06-01,17.229,1.078,China
1860-07-01,19.237,1.516,China
1860-08-01,18.647000000000002,1.211,China
1860-09-01,14.458,1.069,China
1860-10-01,6.335,1.315,China
1860-11-01,-2.123,1.136,China
1860-12-01,-8.536,1.3,China
1861-01-01,-11.228,1.16,China
1861-02-01,-7.32,1.308,China
1861-03-01,0.381,1.138,China
1861-04-01,7.928999999999999,1.134,China
1861-05-01,12.404000000000002,1.52,China
1861-06-01,17.579,1.031,China
1861-07-01,19.694000000000003,1.245,China
1861-08-01,18.638,1.084,China
1861-09-01,13.232,1.1,China
1861-10-01,6.792000000000001,0.99,China
1861-11-01,-0.105,1.29,China
1861-12-01,-7.614,1.453,China
1862-01-01,-11.247,1.654,China
1862-02-01,-6.587000000000001,1.3969999999999998,China
1862-03-01,-0.24599999999999975,1.289,China
1862-04-01,6.586,1.755,China
1862-05-01,13.364,1.6369999999999998,China
1862-06-01,17.365,1.3259999999999998,China
1862-07-01,19.297,1.236,China
1862-08-01,18.367,1.398,China
1862-09-01,13.185,1.401,China
1862-10-01,6.696999999999999,1.511,China
1862-11-01,-2.424,1.523,China
1862-12-01,-8.98,1.868,China
1863-01-01,-7.265,1.781,China
1863-02-01,-3.661000000000001,1.712,China
1863-03-01,1.036,1.245,China
1863-04-01,7.564,1.454,China
1863-05-01,13.049000000000001,1.404,China
1863-06-01,17.566,1.446,China
1863-07-01,19.941,1.378,China
1863-08-01,18.234,1.183,China
1863-09-01,13.039,1.101,China
1863-10-01,6.169,1.23,China
1863-11-01,-1.3730000000000002,1.465,China
1863-12-01,-6.964,1.408,China
1864-01-01,-8.793999999999999,1.476,China
1864-02-01,-6.392,1.3259999999999998,China
1864-03-01,-0.12699999999999978,1.4680000000000002,China
1864-04-01,7.104,1.152,China
1864-05-01,12.652000000000001,1.163,China
1864-06-01,16.934,1.129,China
1864-07-01,19.699,1.052,China
1864-08-01,17.705,1.092,China
1864-09-01,13.1,1.196,China
1864-10-01,7.1179999999999986,1.209,China
1864-11-01,-0.643,1.4480000000000002,China
1864-12-01,-8.738,1.352,China
1865-01-01,-7.8020000000000005,1.17,China
1865-02-01,-6.5680000000000005,1.735,China
1865-03-01,-0.359,1.296,China
1865-04-01,7.56,1.85,China
1865-05-01,13.52,1.341,China
1865-06-01,17.707,1.236,China
1865-07-01,19.83,1.25,China
1865-08-01,18.59,1.204,China
1865-09-01,14.169,1.178,China
1865-10-01,7.145,1.095,China
1865-11-01,-1.253,1.5530000000000002,China
1865-12-01,-7.611000000000001,1.733,China
1866-01-01,-7.890999999999999,1.319,China
1866-02-01,-5.785,1.293,China
1866-03-01,-0.1649999999999998,1.345,China
1866-04-01,7.2989999999999995,1.118,China
1866-05-01,12.911,1.158,China
1866-06-01,17.014,1.031,China
1866-07-01,20.192999999999998,1.227,China
1866-08-01,18.815,1.192,China
1866-09-01,13.284,0.998,China
1866-10-01,6.8020000000000005,1.151,China
1866-11-01,-0.299,1.265,China
1866-12-01,-5.252999999999999,1.3090000000000002,China
1867-01-01,-8.443999999999999,1.254,China
1867-02-01,-5.8980000000000015,1.224,China
1867-03-01,1.2919999999999998,1.23,China
1867-04-01,8.445,1.476,China
1867-05-01,12.908,1.056,China
1867-06-01,17.372,1.103,China
1867-07-01,20.031,1.381,China
1867-08-01,18.281,1.304,China
1867-09-01,13.720999999999998,1.111,China
1867-10-01,7.351,1.127,China
1867-11-01,1.099,1.457,China
1867-12-01,-5.048,1.452,China
1868-01-01,-8.197999999999999,1.368,China
1868-02-01,-5.6800000000000015,1.415,China
1868-03-01,0.010000000000000007,1.252,China
1868-04-01,8.35,1.102,China
1868-05-01,13.109000000000002,1.078,China
1868-06-01,17.187,1.06,China
1868-07-01,20.124,0.965,China
1868-08-01,18.423,1.019,China
1868-09-01,13.857,1.071,China
1868-10-01,7.665999999999999,1.022,China
1868-11-01,-1.117,1.1,China
1868-12-01,-6.744999999999999,1.341,China
1869-01-01,-8.37,1.264,China
1869-02-01,-3.973,1.321,China
1869-03-01,0.35100000000000003,1.515,China
1869-04-01,7.372000000000001,1.132,China
1869-05-01,13.687000000000001,1.177,China
1869-06-01,17.291999999999998,1.039,China
1869-07-01,19.913,1.074,China
1869-08-01,18.552,1.129,China
1869-09-01,14.436,1.048,China
1869-10-01,7.542999999999998,1.162,China
1869-11-01,-0.901,1.263,China
1869-12-01,-8.312000000000001,1.189,China
1870-01-01,-9.641,1.063,China
1870-02-01,-6.546,1.24,China
1870-03-01,0.5840000000000002,1.204,China
1870-04-01,7.965000000000002,1.317,China
1870-05-01,13.918,0.999,China
1870-06-01,17.634999999999994,0.976,China
1870-07-01,20.095,0.875,China
1870-08-01,18.414,0.848,China
1870-09-01,14.401,1.09,China
1870-10-01,7.148,1.2819999999999998,China
1870-11-01,-1.579,1.306,China
1870-12-01,-8.486,0.916,China
1871-01-01,-9.293,1.172,China
1871-02-01,-5.987,1.4680000000000002,China
1871-03-01,1.072,1.285,China
1871-04-01,7.984,0.84,China
1871-05-01,13.136,1.144,China
1871-06-01,17.713,0.982,China
1871-07-01,20.027,0.882,China
1871-08-01,18.952,0.8759999999999999,China
1871-09-01,14.270999999999999,1.042,China
1871-10-01,7.6309999999999985,0.925,China
1871-11-01,-1.247,0.914,China
1871-12-01,-7.8,1.0759999999999998,China
1872-01-01,-10.036,2.014,China
1872-02-01,-6.835000000000001,1.196,China
1872-03-01,0.794,0.967,China
1872-04-01,7.372999999999999,1.168,China
1872-05-01,13.543,1.023,China
1872-06-01,17.517,1.079,China
1872-07-01,19.949,1.001,China
1872-08-01,18.516,1.067,China
1872-09-01,14.162,0.768,China
1872-10-01,7.071000000000001,0.768,China
1872-11-01,-0.615,1.034,China
1872-12-01,-6.002999999999999,1.7990000000000002,China
1873-01-01,-9.928,1.196,China
1873-02-01,-4.7669999999999995,1.41,China
1873-03-01,0.4280000000000001,0.928,China
1873-04-01,8.079,1.094,China
1873-05-01,13.334000000000001,0.8690000000000001,China
1873-06-01,17.625,0.949,China
1873-07-01,20.077,0.914,China
1873-08-01,18.263,0.821,China
1873-09-01,14.162,1.006,China
1873-10-01,7.340999999999998,0.895,China
1873-11-01,0.166,1.086,China
1873-12-01,-5.722,1.0,China
1874-01-01,-9.145,1.257,China
1874-02-01,-5.0790000000000015,1.035,China
1874-03-01,0.0970000000000002,1.336,China
1874-04-01,8.787,0.877,China
1874-05-01,13.295,1.232,China
1874-06-01,18.275,1.216,China
1874-07-01,19.711,1.232,China
1874-08-01,18.838,0.8390000000000001,China
1874-09-01,14.78,0.892,China
1874-10-01,7.473999999999998,1.288,China
1874-11-01,-0.5870000000000001,1.01,China
1874-12-01,-6.704,0.992,China
1875-01-01,-9.015,1.162,China
1875-02-01,-5.186000000000001,1.5219999999999998,China
1875-03-01,1.99,1.157,China
1875-04-01,7.669,0.6990000000000001,China
1875-05-01,13.585,0.735,China
1875-06-01,18.167,1.025,China
1875-07-01,19.962,0.862,China
1875-08-01,18.688,0.815,China
1875-09-01,13.831,0.6559999999999999,China
1875-10-01,6.766,0.733,China
1875-11-01,-1.415,1.088,China
1875-12-01,-6.981999999999998,0.895,China
1876-01-01,-9.259,1.17,China
1876-02-01,-5.356000000000001,0.938,China
1876-03-01,0.4500000000000001,1.5,China
1876-04-01,8.361,1.182,China
1876-05-01,13.31,1.216,China
1876-06-01,17.846,0.742,China
1876-07-01,19.923,0.7240000000000001,China
1876-08-01,18.849,0.677,China
1876-09-01,13.651,0.8140000000000001,China
1876-10-01,7.244,0.851,China
1876-11-01,-1.359,0.904,China
1876-12-01,-7.4910000000000005,1.461,China
1877-01-01,-9.153,1.078,China
1877-02-01,-6.997000000000001,1.141,China
1877-03-01,1.12,0.957,China
1877-04-01,7.468999999999999,0.85,China
1877-05-01,12.68,0.888,China
1877-06-01,17.904,1.235,China
1877-07-01,19.994,0.662,China
1877-08-01,18.854,0.941,China
1877-09-01,14.362,0.738,China
1877-10-01,6.6789999999999985,0.978,China
1877-11-01,-0.575,1.311,China
1877-12-01,-8.158,1.588,China
1878-01-01,-10.553,1.5019999999999998,China
1878-02-01,-5.836,1.126,China
1878-03-01,2.204,0.8270000000000001,China
1878-04-01,8.318,1.091,China
1878-05-01,12.759,1.057,China
1878-06-01,17.647000000000002,1.171,China
1878-07-01,20.269,0.888,China
1878-08-01,18.724,0.941,China
1878-09-01,14.572,0.8390000000000001,China
1878-10-01,7.13,1.082,China
1878-11-01,-0.52,0.913,China
1878-12-01,-7.7410000000000005,0.82,China
1879-01-01,-8.815,0.782,China
1879-02-01,-5.0470000000000015,0.945,China
1879-03-01,0.5930000000000001,0.738,China
1879-04-01,7.617000000000001,0.992,China
1879-05-01,13.431,0.91,China
1879-06-01,18.084,0.8320000000000001,China
1879-07-01,19.905,0.875,China
1879-08-01,18.66,0.701,China
1879-09-01,14.482,0.753,China
1879-10-01,7.345,1.018,China
1879-11-01,-0.08199999999999999,0.693,China
1879-12-01,-6.164,0.767,China
1880-01-01,-9.346,0.897,China
1880-02-01,-6.167000000000002,1.015,China
1880-03-01,1.964,0.672,China
1880-04-01,7.7829999999999995,0.703,China
1880-05-01,13.55,0.7959999999999999,China
1880-06-01,17.505,0.8009999999999999,China
1880-07-01,18.916,1.155,China
1880-08-01,18.745,0.943,China
1880-09-01,14.027999999999999,0.826,China
1880-10-01,7.294,0.962,China
1880-11-01,-0.29600000000000004,0.955,China
1880-12-01,-7.374,0.735,China
1881-01-01,-8.158999999999999,1.062,China
1881-02-01,-5.886,0.954,China
1881-03-01,-0.055999999999999835,0.925,China
1881-04-01,8.009,0.799,China
1881-05-01,13.217,0.79,China
1881-06-01,17.064,0.871,China
1881-07-01,20.261,0.737,China
1881-08-01,18.616,0.7020000000000001,China
1881-09-01,14.319,0.7140000000000001,China
1881-10-01,7.353999999999999,0.6970000000000001,China
1881-11-01,-0.622,0.902,China
1881-12-01,-7.882999999999999,1.092,China
1882-01-01,-7.175999999999998,1.119,China
1882-02-01,-5.8180000000000005,1.002,China
1882-03-01,1.0610000000000002,0.784,China
1882-04-01,8.388,0.669,China
1882-05-01,13.159,0.815,China
1882-06-01,17.641,0.735,China
1882-07-01,19.758,0.647,China
1882-08-01,18.358,0.764,China
1882-09-01,14.123,0.606,China
1882-10-01,7.051,0.711,China
1882-11-01,-1.48,0.938,China
1882-12-01,-8.286,1.018,China
1883-01-01,-9.172,0.654,China
1883-02-01,-7.149000000000001,0.971,China
1883-03-01,0.523,1.001,China
1883-04-01,7.1110000000000015,0.618,China
1883-05-01,12.677,0.812,China
1883-06-01,18.090999999999998,0.821,China
1883-07-01,19.658,0.846,China
1883-08-01,18.454,0.69,China
1883-09-01,13.165,0.7120000000000001,China
1883-10-01,7.540999999999999,0.627,China
1883-11-01,-1.904,0.79,China
1883-12-01,-6.672000000000001,0.813,China
1884-01-01,-7.870999999999999,0.732,China
1884-02-01,-6.472,0.858,China
1884-03-01,-0.35099999999999976,0.916,China
1884-04-01,7.057,0.735,China
1884-05-01,12.702,0.7659999999999999,China
1884-06-01,17.049,0.8029999999999999,China
1884-07-01,19.502,0.675,China
1884-08-01,17.632,0.674,China
1884-09-01,14.342,0.923,China
1884-10-01,6.329,0.851,China
1884-11-01,-2.227,0.901,China
1884-12-01,-8.033999999999999,1.08,China
1885-01-01,-9.413,0.784,China
1885-02-01,-8.138,1.164,China
1885-03-01,0.5329999999999999,1.007,China
1885-04-01,6.997000000000001,1.021,China
1885-05-01,12.887,1.0,China
1885-06-01,17.518,0.978,China
1885-07-01,19.147,0.8140000000000001,China
1885-08-01,18.688,0.885,China
1885-09-01,13.526,0.8420000000000001,China
1885-10-01,7.215,0.828,China
1885-11-01,-1.4380000000000002,0.981,China
1885-12-01,-5.948,1.096,China
1886-01-01,-8.854999999999997,0.961,China
1886-02-01,-7.8980000000000015,1.182,China
1886-03-01,0.7120000000000001,0.928,China
1886-04-01,7.722,0.7120000000000001,China
1886-05-01,13.197000000000001,0.73,China
1886-06-01,17.469,0.789,China
1886-07-01,19.539,0.6970000000000001,China
1886-08-01,18.506,0.682,China
1886-09-01,13.815,0.7440000000000001,China
1886-10-01,7.1389999999999985,0.763,China
1886-11-01,-1.423,0.83,China
1886-12-01,-6.5459999999999985,1.108,China
1887-01-01,-11.114999999999998,0.911,China
1887-02-01,-6.297999999999999,0.962,China
1887-03-01,0.3920000000000001,0.944,China
1887-04-01,8.191,0.901,China
1887-05-01,13.09,0.753,China
1887-06-01,16.409000000000002,0.6709999999999999,China
1887-07-01,20.295,0.831,China
1887-08-01,18.282,0.8270000000000001,China
1887-09-01,13.972,0.649,China
1887-10-01,7.5920000000000005,0.6970000000000001,China
1887-11-01,0.258,0.764,China
1887-12-01,-6.702000000000001,0.7120000000000001,China
1888-01-01,-8.571,1.146,China
1888-02-01,-7.348000000000001,0.831,China
1888-03-01,1.4409999999999998,0.7609999999999999,China
1888-04-01,7.247999999999999,0.899,China
1888-05-01,13.065,0.797,China
1888-06-01,17.044,0.894,China
1888-07-01,19.909,0.7709999999999999,China
1888-08-01,18.973,0.682,China
1888-09-01,13.779000000000002,0.6729999999999999,China
1888-10-01,7.002000000000001,0.853,China
1888-11-01,-0.504,0.769,China
1888-12-01,-6.001,0.865,China
1889-01-01,-10.173,1.103,China
1889-02-01,-5.747999999999999,1.065,China
1889-03-01,1.5530000000000002,0.7440000000000001,China
1889-04-01,7.875,0.757,China
1889-05-01,12.847000000000001,0.758,China
1889-06-01,18.160999999999998,0.583,China
1889-07-01,19.905,0.81,China
1889-08-01,18.73,0.594,China
1889-09-01,13.237,0.61,China
1889-10-01,6.9,0.725,China
1889-11-01,-0.772,0.768,China
1889-12-01,-6.774,1.268,China
1890-01-01,-8.421999999999999,0.8370000000000001,China
1890-02-01,-4.538,1.0759999999999998,China
1890-03-01,-0.7030000000000001,0.882,China
1890-04-01,7.512,0.8220000000000001,China
1890-05-01,13.853,0.942,China
1890-06-01,17.194000000000003,0.636,China
1890-07-01,19.637999999999998,0.6779999999999999,China
1890-08-01,18.225,0.696,China
1890-09-01,13.164,0.696,China
1890-10-01,7.183,0.644,China
1890-11-01,0.28300000000000003,0.936,China
1890-12-01,-5.817,0.912,China
1891-01-01,-8.309,0.711,China
1891-02-01,-6.0390000000000015,0.785,China
1891-03-01,0.27,0.764,China
1891-04-01,6.766,0.545,China
1891-05-01,13.437999999999999,0.76,China
1891-06-01,16.761,0.6459999999999999,China
1891-07-01,19.545,0.501,China
1891-08-01,18.861,0.596,China
1891-09-01,14.453,0.73,China
1891-10-01,7.665,0.6920000000000001,China
1891-11-01,-0.851,0.609,China
1891-12-01,-6.247999999999998,0.972,China
1892-01-01,-8.484,1.097,China
1892-02-01,-5.9620000000000015,0.784,China
1892-03-01,-1.473,1.033,China
1892-04-01,7.936,0.823,China
1892-05-01,13.065,0.772,China
1892-06-01,18.099,0.7959999999999999,China
1892-07-01,19.532,0.631,China
1892-08-01,18.255,0.785,China
1892-09-01,13.860999999999999,0.613,China
1892-10-01,7.019,0.612,China
1892-11-01,-1.824,0.769,China
1892-12-01,-7.294,1.104,China
1893-01-01,-10.827,1.21,China
1893-02-01,-8.009,0.607,China
1893-03-01,1.023,0.866,China
1893-04-01,8.472000000000001,0.69,China
1893-05-01,12.929,0.6459999999999999,China
1893-06-01,17.791,0.608,China
1893-07-01,19.555,0.628,China
1893-08-01,18.694000000000003,0.5539999999999999,China
1893-09-01,14.106,0.725,China
1893-10-01,7.073,0.644,China
1893-11-01,-0.64,0.7170000000000001,China
1893-12-01,-6.867000000000001,1.103,China
1894-01-01,-8.959,1.308,China
1894-02-01,-4.6739999999999995,0.932,China
1894-03-01,1.0810000000000002,0.905,China
1894-04-01,8.202,0.792,China
1894-05-01,13.228,0.506,China
1894-06-01,17.973,0.561,China
1894-07-01,20.06,0.539,China
1894-08-01,18.361,0.672,China
1894-09-01,14.298,0.654,China
1894-10-01,7.407999999999999,0.562,China
1894-11-01,-0.212,0.885,China
1894-12-01,-7.827000000000001,0.981,China
1895-01-01,-10.142000000000001,0.684,China
1895-02-01,-6.547999999999999,0.975,China
1895-03-01,-0.09499999999999996,0.667,China
1895-04-01,8.812999999999999,0.5770000000000001,China
1895-05-01,13.067,0.5720000000000001,China
1895-06-01,17.464000000000002,0.603,China
1895-07-01,19.119,0.58,China
1895-08-01,18.165,0.655,China
1895-09-01,13.992,0.67,China
1895-10-01,6.606999999999998,0.615,China
1895-11-01,-0.721,0.607,China
1895-12-01,-7.290999999999999,0.862,China
1896-01-01,-7.814999999999999,0.835,China
1896-02-01,-6.232,0.752,China
1896-03-01,-0.343,0.65,China
1896-04-01,7.53,0.6970000000000001,China
1896-05-01,13.074000000000002,0.586,China
1896-06-01,18.297,0.6409999999999999,China
1896-07-01,20.023,0.54,China
1896-08-01,18.685,0.5770000000000001,China
1896-09-01,13.86,0.519,China
1896-10-01,6.778,0.723,China
1896-11-01,0.016,0.5670000000000001,China
1896-12-01,-7.237999999999999,0.65,China
1897-01-01,-8.795,0.752,China
1897-02-01,-6.937,0.975,China
1897-03-01,-0.4930000000000001,0.8190000000000001,China
1897-04-01,7.646000000000001,0.647,China
1897-05-01,12.542,0.742,China
1897-06-01,17.738,0.625,China
1897-07-01,19.861,0.741,China
1897-08-01,18.945999999999998,0.513,China
1897-09-01,14.27,0.608,China
1897-10-01,8.172,0.645,China
1897-11-01,-0.322,0.705,China
1897-12-01,-7.891,0.737,China
1898-01-01,-7.523,0.954,China
1898-02-01,-5.371,0.8109999999999999,China
1898-03-01,-1.1469999999999996,1.3769999999999998,China
1898-04-01,7.874,1.011,China
1898-05-01,13.523,0.7,China
1898-06-01,18.073,0.7440000000000001,China
1898-07-01,19.838,0.8170000000000001,China
1898-08-01,18.817,0.626,China
1898-09-01,13.783,0.565,China
1898-10-01,7.797999999999999,0.505,China
1898-11-01,-0.236,0.541,China
1898-12-01,-6.6770000000000005,0.85,China
1899-01-01,-8.677999999999999,0.7020000000000001,China
1899-02-01,-4.816000000000002,1.194,China
1899-03-01,1.5,0.726,China
1899-04-01,7.5550000000000015,0.6409999999999999,China
1899-05-01,13.875,0.604,China
1899-06-01,17.705,0.544,China
1899-07-01,19.912,0.6859999999999999,China
1899-08-01,18.583,0.61,China
1899-09-01,14.212,0.6970000000000001,China
1899-10-01,7.02,0.6859999999999999,China
1899-11-01,-0.675,0.725,China
1899-12-01,-6.952000000000001,0.677,China
1900-01-01,-10.736,0.94,China
1900-02-01,-6.315,0.682,China
1900-03-01,0.7540000000000001,0.623,China
1900-04-01,7.569000000000001,0.954,China
1900-05-01,13.47,0.602,China
1900-06-01,17.329,1.117,China
1900-07-01,20.148,0.591,China
1900-08-01,19.413,0.645,China
1900-09-01,14.807,0.623,China
1900-10-01,7.612999999999999,0.644,China
1900-11-01,0.102,0.812,China
1900-12-01,-6.824,0.979,China
1901-01-01,-8.24,0.8759999999999999,China
1901-02-01,-7.192,0.951,China
1901-03-01,1.5950000000000002,0.857,China
1901-04-01,8.439,0.963,China
1901-05-01,13.284,0.604,China
1901-06-01,17.654,0.6679999999999999,China
1901-07-01,19.559,0.532,China
1901-08-01,18.968,0.665,China
1901-09-01,14.865,0.725,China
1901-10-01,7.026,0.611,China
1901-11-01,0.11199999999999999,0.8220000000000001,China
1901-12-01,-7.619999999999999,0.85,China
1902-01-01,-7.2719999999999985,0.716,China
1902-02-01,-4.9910000000000005,0.5379999999999999,China
1902-03-01,2.281,0.71,China
1902-04-01,7.247999999999999,0.847,China
1902-05-01,12.630999999999998,0.792,China
1902-06-01,17.503,0.841,China
1902-07-01,19.511,0.5870000000000001,China
1902-08-01,18.0,0.536,China
1902-09-01,14.386,0.652,China
1902-10-01,7.806,0.856,China
1902-11-01,0.255,0.54,China
1902-12-01,-6.422000000000001,0.779,China
1903-01-01,-8.668999999999999,0.823,China
1903-02-01,-5.785,1.028,China
1903-03-01,0.5290000000000001,0.748,China
1903-04-01,7.499,0.5529999999999999,China
1903-05-01,13.11,0.574,China
1903-06-01,16.948999999999998,0.721,China
1903-07-01,19.662,0.6759999999999999,China
1903-08-01,18.362000000000002,0.589,China
1903-09-01,14.092,0.529,China
1903-10-01,6.783,0.603,China
1903-11-01,-1.4169999999999998,0.5660000000000001,China
1903-12-01,-7.02,0.557,China
1904-01-01,-8.828999999999997,0.7809999999999999,China
1904-02-01,-4.15,0.6829999999999999,China
1904-03-01,0.3790000000000001,0.828,China
1904-04-01,6.837000000000001,0.657,China
1904-05-01,12.96,0.583,China
1904-06-01,18.31,0.557,China
1904-07-01,19.355,0.5429999999999999,China
1904-08-01,18.68,0.536,China
1904-09-01,13.843,0.536,China
1904-10-01,6.648,0.5329999999999999,China
1904-11-01,-0.9079999999999999,0.8009999999999999,China
1904-12-01,-6.914999999999999,0.78,China
1905-01-01,-7.172000000000001,0.705,China
1905-02-01,-8.323,0.507,China
1905-03-01,-1.501,0.483,China
1905-04-01,5.1110000000000015,0.49,China
1905-05-01,12.627,0.54,China
1905-06-01,17.504,0.55,China
1905-07-01,19.775,0.504,China
1905-08-01,18.276,0.607,China
1905-09-01,13.607999999999999,0.5760000000000001,China
1905-10-01,6.8199999999999985,0.514,China
1905-11-01,-0.915,0.584,China
1905-12-01,-6.744,0.523,China
1906-01-01,-9.235,0.794,China
1906-02-01,-6.9239999999999995,0.865,China
1906-03-01,0.40299999999999997,0.8079999999999999,China
1906-04-01,8.062000000000001,0.782,China
1906-05-01,13.199000000000002,0.647,China
1906-06-01,17.96,0.726,China
1906-07-01,19.817,0.5770000000000001,China
1906-08-01,18.160999999999998,0.546,China
1906-09-01,14.165999999999999,0.507,China
1906-10-01,7.127000000000001,0.541,China
1906-11-01,-1.935,0.51,China
1906-12-01,-6.1389999999999985,0.7490000000000001,China
1907-01-01,-6.765999999999999,0.449,China
1907-02-01,-7.227,0.64,China
1907-03-01,-0.4290000000000001,0.5770000000000001,China
1907-04-01,7.584,0.491,China
1907-05-01,13.491,0.4970000000000001,China
1907-06-01,17.424,0.479,China
1907-07-01,18.87,0.613,China
1907-08-01,18.913,0.439,China
1907-09-01,14.074000000000002,0.6609999999999999,China
1907-10-01,7.7269999999999985,0.529,China
1907-11-01,-1.274,0.529,China
1907-12-01,-6.683,0.5,China
1908-01-01,-8.463999999999999,0.489,China
1908-02-01,-6.857,0.526,China
1908-03-01,-0.329,0.478,China
1908-04-01,7.519,0.462,China
1908-05-01,13.499,0.478,China
1908-06-01,17.765,0.469,China
1908-07-01,19.65,0.568,China
1908-08-01,19.093,0.4370000000000001,China
1908-09-01,13.902,0.5529999999999999,China
1908-10-01,7.1709999999999985,0.542,China
1908-11-01,-1.442,0.496,China
1908-12-01,-6.068,0.4920000000000001,China
1909-01-01,-9.468,0.657,China
1909-02-01,-5.428000000000001,0.733,China
1909-03-01,-0.4859999999999998,0.878,China
1909-04-01,7.984,0.439,China
1909-05-01,13.126,0.585,China
1909-06-01,16.686,0.477,China
1909-07-01,19.727,0.484,China
1909-08-01,19.164,0.517,China
1909-09-01,14.385,0.49,China
1909-10-01,7.090999999999998,0.5579999999999999,China
1909-11-01,0.593,0.628,China
1909-12-01,-6.799,0.62,China
1910-01-01,-8.619,0.463,China
1910-02-01,-6.053999999999999,0.515,China
1910-03-01,-0.1509999999999998,0.462,China
1910-04-01,7.246,0.493,China
1910-05-01,13.442,0.7609999999999999,China
1910-06-01,17.143,0.422,China
1910-07-01,19.804,0.469,China
1910-08-01,18.680999999999997,0.4920000000000001,China
1910-09-01,13.525,0.47,China
1910-10-01,7.5939999999999985,0.41,China
1910-11-01,-1.281,0.405,China
1910-12-01,-8.472000000000001,0.984,China
1911-01-01,-8.333,0.8140000000000001,China
1911-02-01,-5.718999999999999,0.511,China
1911-03-01,0.28600000000000003,0.519,China
1911-04-01,8.155000000000001,0.448,China
1911-05-01,12.999,0.48,China
1911-06-01,17.243,0.455,China
1911-07-01,19.029,0.634,China
1911-08-01,18.49,0.507,China
1911-09-01,14.482999999999999,0.506,China
1911-10-01,7.002000000000001,0.528,China
1911-11-01,-0.294,0.446,China
1911-12-01,-7.776999999999999,0.934,China
1912-01-01,-8.742999999999999,0.527,China
1912-02-01,-3.5490000000000004,0.665,China
1912-03-01,-0.061999999999999826,0.795,China
1912-04-01,7.895,0.483,China
1912-05-01,13.475,0.469,China
1912-06-01,17.902,0.445,China
1912-07-01,19.426,0.451,China
1912-08-01,18.226,0.508,China
1912-09-01,12.812,0.52,China
1912-10-01,6.127000000000001,0.525,China
1912-11-01,-2.217,0.615,China
1912-12-01,-8.379,0.861,China
1913-01-01,-8.652999999999999,0.644,China
1913-02-01,-5.215000000000002,0.603,China
1913-03-01,-0.3939999999999999,0.7609999999999999,China
1913-04-01,6.985,0.53,China
1913-05-01,12.867,0.532,China
1913-06-01,17.214000000000002,0.461,China
1913-07-01,19.351,0.457,China
1913-08-01,18.64,0.436,China
1913-09-01,13.853,0.461,China
1913-10-01,7.649,0.503,China
1913-11-01,-0.802,0.52,China
1913-12-01,-7.834,0.7829999999999999,China
1914-01-01,-6.148999999999999,0.721,China
1914-02-01,-4.1450000000000005,0.561,China
1914-03-01,1.183,0.491,China
1914-04-01,7.896000000000001,0.557,China
1914-05-01,13.288,0.575,China
1914-06-01,18.377,0.49,China
1914-07-01,20.093,0.621,China
1914-08-01,18.438,0.574,China
1914-09-01,14.017,0.578,China
1914-10-01,7.1019999999999985,0.408,China
1914-11-01,-1.128,0.415,China
1914-12-01,-7.1469999999999985,0.805,China
1915-01-01,-9.008,0.792,China
1915-02-01,-6.402,0.6729999999999999,China
1915-03-01,0.12200000000000012,0.593,China
1915-04-01,7.154,0.508,China
1915-05-01,13.398,0.523,China
1915-06-01,17.269000000000002,0.467,China
1915-07-01,19.59,0.483,China
1915-08-01,18.654,0.43,China
1915-09-01,13.782,0.473,China
1915-10-01,7.8279999999999985,0.534,China
1915-11-01,0.353,0.438,China
1915-12-01,-4.827,0.535,China
1916-01-01,-7.802999999999999,0.685,China
1916-02-01,-5.724,0.431,China
1916-03-01,0.14600000000000013,0.63,China
1916-04-01,7.558,0.47,China
1916-05-01,13.56,0.524,China
1916-06-01,17.573999999999998,0.498,China
1916-07-01,19.397,0.564,China
1916-08-01,19.105999999999998,0.505,China
1916-09-01,14.152,0.508,China
1916-10-01,7.212999999999999,0.443,China
1916-11-01,-0.797,0.7240000000000001,China
1916-12-01,-8.184,0.637,China
1917-01-01,-10.042,0.653,China
1917-02-01,-5.4140000000000015,0.735,China
1917-03-01,0.2270000000000001,0.534,China
1917-04-01,7.013,0.7709999999999999,China
1917-05-01,13.505999999999998,0.522,China
1917-06-01,17.967,0.48,China
1917-07-01,19.602999999999998,0.545,China
1917-08-01,19.185,0.409,China
1917-09-01,13.857999999999999,0.737,China
1917-10-01,7.223999999999998,0.546,China
1917-11-01,-0.6659999999999999,0.561,China
1917-12-01,-8.524,0.6559999999999999,China
1918-01-01,-9.134,0.486,China
1918-02-01,-5.197,0.529,China
1918-03-01,1.6190000000000002,0.618,China
1918-04-01,7.627000000000002,0.431,China
1918-05-01,13.504000000000001,0.502,China
1918-06-01,17.188,0.603,China
1918-07-01,19.322,0.423,China
1918-08-01,18.358,0.449,China
1918-09-01,14.129,0.422,China
1918-10-01,7.471,0.448,China
1918-11-01,-1.885,0.381,China
1918-12-01,-8.64,0.915,China
1919-01-01,-10.255999999999998,0.489,China
1919-02-01,-5.013999999999999,0.469,China
1919-03-01,1.531,0.62,China
1919-04-01,8.104000000000001,0.493,China
1919-05-01,14.091,0.514,China
1919-06-01,17.819000000000003,0.573,China
1919-07-01,20.099,0.447,China
1919-08-01,19.527,0.537,China
1919-09-01,13.638,0.594,China
1919-10-01,7.252000000000001,0.507,China
1919-11-01,-0.55,0.529,China
1919-12-01,-6.957000000000001,0.476,China
1920-01-01,-7.267999999999999,0.7240000000000001,China
1920-02-01,-7.7040000000000015,0.629,China
1920-03-01,0.6659999999999999,0.416,China
1920-04-01,8.146,0.449,China
1920-05-01,13.512,0.61,China
1920-06-01,17.444000000000003,0.623,China
1920-07-01,20.549,0.476,China
1920-08-01,18.641,0.433,China
1920-09-01,13.712,0.392,China
1920-10-01,8.341000000000001,0.52,China
1920-11-01,0.226,0.507,China
1920-12-01,-7.180999999999999,0.675,China
1921-01-01,-8.453999999999999,0.7829999999999999,China
1921-02-01,-4.618,0.501,China
1921-03-01,0.8960000000000001,0.605,China
1921-04-01,7.6400000000000015,0.59,China
1921-05-01,13.372,0.467,China
1921-06-01,16.63,0.518,China
1921-07-01,19.659,0.561,China
1921-08-01,18.829,0.544,China
1921-09-01,13.925,0.416,China
1921-10-01,7.0459999999999985,0.591,China
1921-11-01,-0.679,0.463,China
1921-12-01,-6.236999999999999,0.557,China
1922-01-01,-9.853,0.488,China
1922-02-01,-3.897,0.69,China
1922-03-01,1.4240000000000002,0.607,China
1922-04-01,8.477,0.451,China
1922-05-01,13.309000000000001,0.424,China
1922-06-01,17.783,0.442,China
1922-07-01,20.102,0.464,China
1922-08-01,18.868,0.483,China
1922-09-01,14.1,0.424,China
1922-10-01,7.641999999999999,0.407,China
1922-11-01,-0.971,0.435,China
1922-12-01,-6.856,0.762,China
1923-01-01,-8.911,0.552,China
1923-02-01,-6.415000000000001,0.569,China
1923-03-01,2.184,0.462,China
1923-04-01,8.076,0.467,China
1923-05-01,13.677,0.479,China
1923-06-01,17.47,0.39,China
1923-07-01,19.281,0.377,China
1923-08-01,19.444000000000003,0.431,China
1923-09-01,13.681,0.362,China
1923-10-01,6.973,0.431,China
1923-11-01,-0.134,0.48,China
1923-12-01,-6.5619999999999985,0.505,China
1924-01-01,-8.03,0.5,China
1924-02-01,-5.92,0.6679999999999999,China
1924-03-01,0.2910000000000001,0.706,China
1924-04-01,8.389000000000001,0.391,China
1924-05-01,13.269,0.448,China
1924-06-01,17.848,0.521,China
1924-07-01,20.093,0.364,China
1924-08-01,19.269000000000002,0.491,China
1924-09-01,14.234000000000002,0.417,China
1924-10-01,7.382999999999999,0.555,China
1924-11-01,-0.401,0.521,China
1924-12-01,-5.973999999999998,0.504,China
1925-01-01,-8.949,0.655,China
1925-02-01,-6.848000000000001,0.489,China
1925-03-01,0.799,0.638,China
1925-04-01,7.2570000000000014,0.342,China
1925-05-01,13.241,0.328,China
1925-06-01,17.974,0.47,China
1925-07-01,19.945,0.315,China
1925-08-01,18.55,0.429,China
1925-09-01,14.164000000000001,0.452,China
1925-10-01,8.030999999999999,0.405,China
1925-11-01,0.419,0.556,China
1925-12-01,-5.915,0.685,China
1926-01-01,-7.720999999999999,0.467,China
1926-02-01,-4.66,0.473,China
1926-03-01,1.6190000000000002,0.51,China
1926-04-01,7.7440000000000015,0.407,China
1926-05-01,13.878,0.484,China
1926-06-01,17.496,0.478,China
1926-07-01,19.828,0.378,China
1926-08-01,19.135,0.504,China
1926-09-01,14.855,0.35100000000000003,China
1926-10-01,6.989,0.478,China
1926-11-01,-0.555,0.34600000000000003,China
1926-12-01,-7.558999999999998,0.769,China
1927-01-01,-8.423,0.682,China
1927-02-01,-6.351000000000001,0.434,China
1927-03-01,-0.2630000000000001,0.393,China
1927-04-01,7.945,0.411,China
1927-05-01,13.077,0.384,China
1927-06-01,17.333,0.5329999999999999,China
1927-07-01,20.607,0.388,China
1927-08-01,19.041,0.412,China
1927-09-01,14.155,0.35700000000000004,China
1927-10-01,7.8,0.5379999999999999,China
1927-11-01,0.942,0.586,China
1927-12-01,-5.85,0.447,China
1928-01-01,-7.903999999999999,0.441,China
1928-02-01,-5.118,0.583,China
1928-03-01,1.5530000000000002,0.561,China
1928-04-01,8.854000000000003,0.349,China
1928-05-01,14.373,0.408,China
1928-06-01,17.789,0.403,China
1928-07-01,20.194000000000003,0.409,China
1928-08-01,18.555999999999997,0.477,China
1928-09-01,14.083,0.374,China
1928-10-01,7.260999999999999,0.39,China
1928-11-01,-0.5710000000000001,0.61,China
1928-12-01,-7.774,0.682,China
1929-01-01,-9.204,0.452,China
1929-02-01,-5.9860000000000015,0.6579999999999999,China
1929-03-01,2.145,0.4920000000000001,China
1929-04-01,8.781,0.54,China
1929-05-01,13.819,0.405,China
1929-06-01,17.768,0.35200000000000004,China
1929-07-01,19.765,0.387,China
1929-08-01,18.695,0.305,China
1929-09-01,13.985999999999999,0.402,China
1929-10-01,6.782,0.462,China
1929-11-01,-0.6729999999999999,0.498,China
1929-12-01,-8.789,0.625,China
1930-01-01,-11.212,0.6459999999999999,China
1930-02-01,-4.383,0.39,China
1930-03-01,1.3270000000000002,0.529,China
1930-04-01,7.9479999999999995,0.486,China
1930-05-01,14.013,0.392,China
1930-06-01,17.159000000000002,0.429,China
1930-07-01,20.787,0.397,China
1930-08-01,18.856,0.363,China
1930-09-01,13.574000000000002,0.325,China
1930-10-01,7.153,0.381,China
1930-11-01,-0.79,0.512,China
1930-12-01,-6.808,0.413,China
1931-01-01,-8.916,0.593,China
1931-02-01,-7.904,0.574,China
1931-03-01,1.472,0.605,China
1931-04-01,7.7139999999999995,0.394,China
1931-05-01,12.844000000000001,0.45,China
1931-06-01,17.686,0.361,China
1931-07-01,18.88,0.3670000000000001,China
1931-08-01,19.32,0.414,China
1931-09-01,14.162,0.397,China
1931-10-01,7.997999999999998,0.388,China
1931-11-01,-0.16399999999999998,0.364,China
1931-12-01,-6.5619999999999985,0.503,China
1932-01-01,-6.706,0.609,China
1932-02-01,-6.6190000000000015,0.539,China
1932-03-01,1.396,0.561,China
1932-04-01,8.565,0.63,China
1932-05-01,13.534,0.632,China
1932-06-01,17.934,0.804,China
1932-07-01,20.464,0.501,China
1932-08-01,18.434,0.334,China
1932-09-01,14.26,0.424,China
1932-10-01,7.425999999999998,0.495,China
1932-11-01,0.768,0.37,China
1932-12-01,-6.589,0.532,China
1933-01-01,-10.678999999999998,0.698,China
1933-02-01,-5.352,0.498,China
1933-03-01,0.4640000000000002,0.487,China
1933-04-01,7.91,0.422,China
1933-05-01,13.794,0.336,China
1933-06-01,17.993,0.481,China
1933-07-01,20.081,0.406,China
1933-08-01,19.329,0.284,China
1933-09-01,14.603,0.28800000000000003,China
1933-10-01,6.769,0.284,China
1933-11-01,-0.042,0.374,China
1933-12-01,-5.311,0.619,China
1934-01-01,-9.997,0.584,China
1934-02-01,-4.671,0.589,China
1934-03-01,0.266,0.398,China
1934-04-01,6.631,0.328,China
1934-05-01,14.137,0.29600000000000004,China
1934-06-01,17.448999999999998,0.456,China
1934-07-01,19.895,0.3720000000000001,China
1934-08-01,18.514,0.299,China
1934-09-01,14.208,0.342,China
1934-10-01,6.385,0.443,China
1934-11-01,-1.262,0.34,China
1934-12-01,-5.2010000000000005,0.431,China
1935-01-01,-8.711,0.452,China
1935-02-01,-3.698,0.311,China
1935-03-01,2.685,0.34600000000000003,China
1935-04-01,7.2040000000000015,0.38,China
1935-05-01,13.437000000000001,0.267,China
1935-06-01,17.756,0.348,China
1935-07-01,19.826,0.239,China
1935-08-01,19.105,0.381,China
1935-09-01,14.402,0.267,China
1935-10-01,8.812999999999997,0.258,China
1935-11-01,-1.258,0.261,China
1935-12-01,-9.927,0.481,China
1936-01-01,-10.599,0.399,China
1936-02-01,-6.6160000000000005,0.276,China
1936-03-01,-1.1440000000000001,0.344,China
1936-04-01,7.226,0.266,China
1936-05-01,13.057,0.315,China
1936-06-01,17.624000000000002,0.248,China
1936-07-01,19.71,0.349,China
1936-08-01,18.393,0.374,China
1936-09-01,14.458,0.312,China
1936-10-01,8.256,0.319,China
1936-11-01,0.29,0.297,China
1936-12-01,-7.316,0.385,China
1937-01-01,-9.124,0.328,China
1937-02-01,-4.551,0.32299999999999995,China
1937-03-01,0.24400000000000024,0.27,China
1937-04-01,7.808000000000002,0.331,China
1937-05-01,13.759,0.298,China
1937-06-01,17.45,0.28800000000000003,China
1937-07-01,19.828,0.358,China
1937-08-01,19.029,0.257,China
1937-09-01,14.387,0.21600000000000005,China
1937-10-01,7.895,0.225,China
1937-11-01,-1.683,0.34,China
1937-12-01,-6.909,0.404,China
1938-01-01,-9.209,0.368,China
1938-02-01,-5.8340000000000005,0.448,China
1938-03-01,1.41,0.369,China
1938-04-01,9.415,0.293,China
1938-05-01,14.234000000000002,0.292,China
1938-06-01,17.262,0.266,China
1938-07-01,20.398,0.339,China
1938-08-01,19.009,0.269,China
1938-09-01,13.894,0.196,China
1938-10-01,8.357000000000001,0.33,China
1938-11-01,0.172,0.246,China
1938-12-01,-6.6469999999999985,0.278,China
1939-01-01,-8.136000000000001,0.353,China
1939-02-01,-4.354,0.309,China
1939-03-01,1.0990000000000002,0.26,China
1939-04-01,7.3629999999999995,0.333,China
1939-05-01,14.249,0.211,China
1939-06-01,17.512,0.249,China
1939-07-01,20.451,0.256,China
1939-08-01,19.783,0.28300000000000003,China
1939-09-01,14.397,0.209,China
1939-10-01,8.004,0.289,China
1939-11-01,-0.304,0.28600000000000003,China
1939-12-01,-5.746,0.425,China
1940-01-01,-7.517999999999999,0.34,China
1940-02-01,-4.783,0.415,China
1940-03-01,1.281,0.231,China
1940-04-01,7.694,0.285,China
1940-05-01,13.542,0.225,China
1940-06-01,17.884999999999994,0.237,China
1940-07-01,20.116,0.226,China
1940-08-01,17.918,0.239,China
1940-09-01,13.915999999999999,0.253,China
1940-10-01,8.524,0.252,China
1940-11-01,-0.284,0.263,China
1940-12-01,-4.751,0.272,China
1941-01-01,-7.244,0.276,China
1941-02-01,-4.627000000000002,0.308,China
1941-03-01,1.764,0.309,China
1941-04-01,8.777000000000001,0.246,China
1941-05-01,13.882,0.28800000000000003,China
1941-06-01,18.472,0.262,China
1941-07-01,20.174,0.195,China
1941-08-01,19.122,0.244,China
1941-09-01,14.074000000000002,0.235,China
1941-10-01,8.456,0.318,China
1941-11-01,0.47,0.305,China
1941-12-01,-5.174,0.239,China
1942-01-01,-7.597999999999999,0.217,China
1942-02-01,-6.767,0.475,China
1942-03-01,3.353,0.322,China
1942-04-01,8.302999999999999,0.23,China
1942-05-01,13.367,0.35,China
1942-06-01,18.41,0.308,China
1942-07-01,20.325,0.253,China
1942-08-01,18.908,0.21,China
1942-09-01,14.415999999999999,0.233,China
1942-10-01,8.224,0.217,China
1942-11-01,0.8370000000000001,0.309,China
1942-12-01,-6.626,0.317,China
1943-01-01,-8.652999999999999,0.578,China
1943-02-01,-4.933000000000002,0.35200000000000004,China
1943-03-01,2.0180000000000002,0.327,China
1943-04-01,7.749,0.325,China
1943-05-01,14.42,0.366,China
1943-06-01,17.744,0.282,China
1943-07-01,20.491,0.337,China
1943-08-01,19.373,0.213,China
1943-09-01,14.64,0.225,China
1943-10-01,7.862,0.255,China
1943-11-01,-0.28300000000000003,0.279,China
1943-12-01,-5.817,0.34600000000000003,China
1944-01-01,-8.462,0.308,China
1944-02-01,-5.74,0.221,China
1944-03-01,2.2230000000000003,0.369,China
1944-04-01,7.630000000000001,0.282,China
1944-05-01,13.658,0.255,China
1944-06-01,18.039,0.251,China
1944-07-01,20.791,0.255,China
1944-08-01,19.035,0.287,China
1944-09-01,14.52,0.21,China
1944-10-01,7.377999999999999,0.235,China
1944-11-01,-0.618,0.274,China
1944-12-01,-10.088,0.568,China
1945-01-01,-9.896,0.61,China
1945-02-01,-8.142000000000001,0.433,China
1945-03-01,0.5870000000000001,0.258,China
1945-04-01,9.384,0.33,China
1945-05-01,13.944,0.284,China
1945-06-01,18.529,0.252,China
1945-07-01,19.952,0.269,China
1945-08-01,19.234,0.203,China
1945-09-01,15.085999999999999,0.213,China
1945-10-01,8.052,0.275,China
1945-11-01,1.6969999999999998,0.241,China
1945-12-01,-6.361000000000001,0.292,China
1946-01-01,-6.568999999999999,0.256,China
1946-02-01,-2.7500000000000004,0.244,China
1946-03-01,-0.024000000000000018,0.266,China
1946-04-01,9.917,0.273,China
1946-05-01,13.35,0.184,China
1946-06-01,18.285999999999998,0.294,China
1946-07-01,20.054,0.215,China
1946-08-01,19.549,0.259,China
1946-09-01,14.658,0.203,China
1946-10-01,8.532,0.265,China
1946-11-01,0.62,0.307,China
1946-12-01,-7.374,0.231,China
1947-01-01,-8.42,0.312,China
1947-02-01,-6.066000000000002,0.32,China
1947-03-01,1.5119999999999998,0.302,China
1947-04-01,8.977,0.312,China
1947-05-01,14.33,0.262,China
1947-06-01,17.732,0.223,China
1947-07-01,20.051,0.282,China
1947-08-01,18.785,0.218,China
1947-09-01,14.767999999999999,0.247,China
1947-10-01,6.9910000000000005,0.207,China
1947-11-01,0.354,0.398,China
1947-12-01,-7.728,0.426,China
1948-01-01,-7.773,0.35700000000000004,China
1948-02-01,-4.897,0.309,China
1948-03-01,2.023,0.215,China
1948-04-01,9.588,0.245,China
1948-05-01,12.819,0.21600000000000005,China
1948-06-01,18.065,0.252,China
1948-07-01,19.929,0.304,China
1948-08-01,19.308,0.185,China
1948-09-01,14.738,0.2,China
1948-10-01,7.354999999999999,0.279,China
1948-11-01,-0.831,0.251,China
1948-12-01,-5.119999999999999,0.302,China
1949-01-01,-7.066999999999998,0.338,China
1949-02-01,-3.4890000000000008,0.221,China
1949-03-01,0.993,0.301,China
1949-04-01,8.17,0.29600000000000004,China
1949-05-01,14.200999999999999,0.204,China
1949-06-01,17.737000000000002,0.222,China
1949-07-01,19.715999999999998,0.257,China
1949-08-01,18.9,0.456,China
1949-09-01,14.542,0.235,China
1949-10-01,8.32,0.231,China
1949-11-01,-0.606,0.271,China
1949-12-01,-7.7109999999999985,0.331,China
1950-01-01,-6.116999999999999,0.246,China
1950-02-01,-6.093,0.333,China
1950-03-01,1.869,0.256,China
1950-04-01,7.691000000000002,0.251,China
1950-05-01,14.25,0.221,China
1950-06-01,17.358999999999998,0.193,China
1950-07-01,20.264,0.226,China
1950-08-01,18.873,0.328,China
1950-09-01,13.892999999999999,0.2,China
1950-10-01,7.167999999999998,0.211,China
1950-11-01,-1.415,0.287,China
1950-12-01,-8.048,0.212,China
1951-01-01,-9.12,0.34,China
1951-02-01,-5.5120000000000005,0.528,China
1951-03-01,-0.18099999999999986,0.284,China
1951-04-01,6.303999999999999,0.32,China
1951-05-01,14.525,0.303,China
1951-06-01,18.067999999999998,0.455,China
1951-07-01,19.721,0.255,China
1951-08-01,19.706,0.222,China
1951-09-01,14.042,0.393,China
1951-10-01,9.034,0.28600000000000003,China
1951-11-01,0.29600000000000004,0.35,China
1951-12-01,-4.449,0.233,China
1952-01-01,-7.257000000000001,0.399,China
1952-02-01,-5.922999999999999,0.428,China
1952-03-01,0.9000000000000001,0.329,China
1952-04-01,8.905000000000003,0.25,China
1952-05-01,13.929,0.214,China
1952-06-01,18.034000000000002,0.209,China
1952-07-01,20.156,0.183,China
1952-08-01,18.434,0.16,China
1952-09-01,14.547,0.171,China
1952-10-01,6.807,0.28300000000000003,China
1952-11-01,-0.39899999999999997,0.365,China
1952-12-01,-8.442,0.303,China
1953-01-01,-8.853,0.199,China
1953-02-01,-4.564,0.276,China
1953-03-01,2.572,0.175,China
1953-04-01,7.167999999999999,0.183,China
1953-05-01,14.025,0.263,China
1953-06-01,18.197,0.254,China
1953-07-01,20.385,0.17600000000000002,China
1953-08-01,19.500999999999998,0.197,China
1953-09-01,14.37,0.202,China
1953-10-01,8.093,0.181,China
1953-11-01,-0.252,0.189,China
1953-12-01,-6.374,0.256,China
1954-01-01,-8.431999999999999,0.245,China
1954-02-01,-4.4830000000000005,0.278,China
1954-03-01,0.216,0.334,China
1954-04-01,8.602,0.194,China
1954-05-01,12.817,0.153,China
1954-06-01,17.164,0.257,China
1954-07-01,19.25,0.165,China
1954-08-01,18.871,0.15,China
1954-09-01,14.657,0.215,China
1954-10-01,6.942,0.168,China
1954-11-01,0.757,0.181,China
1954-12-01,-9.909,0.244,China
1955-01-01,-10.274000000000001,0.127,China
1955-02-01,-4.703,0.268,China
1955-03-01,0.7530000000000001,0.17,China
1955-04-01,6.8900000000000015,0.158,China
1955-05-01,13.527000000000001,0.282,China
1955-06-01,17.75,0.23,China
1955-07-01,19.714,0.172,China
1955-08-01,19.212,0.274,China
1955-09-01,14.892999999999999,0.165,China
1955-10-01,7.385999999999999,0.174,China
1955-11-01,-0.278,0.222,China
1955-12-01,-4.449999999999998,0.177,China
1956-01-01,-9.78,0.28300000000000003,China
1956-02-01,-5.473000000000001,0.235,China
1956-03-01,0.8620000000000001,0.18,China
1956-04-01,8.669,0.205,China
1956-05-01,13.384,0.267,China
1956-06-01,17.459,0.177,China
1956-07-01,19.755,0.17600000000000002,China
1956-08-01,18.358,0.231,China
1956-09-01,14.62,0.14800000000000002,China
1956-10-01,7.268,0.16399999999999998,China
1956-11-01,-1.455,0.278,China
1956-12-01,-8.075,0.297,China
1957-01-01,-8.322999999999999,0.336,China
1957-02-01,-7.949,0.318,China
1957-03-01,0.5140000000000001,0.248,China
1957-04-01,7.858,0.358,China
1957-05-01,12.632,0.158,China
1957-06-01,17.346,0.409,China
1957-07-01,19.555,0.409,China
1957-08-01,18.59,0.691,China
1957-09-01,13.46,0.408,China
1957-10-01,6.93,0.354,China
1957-11-01,1.16,0.24,China
1957-12-01,-5.117,0.244,China
1958-01-01,-8.452,0.238,China
1958-02-01,-5.127999999999999,0.325,China
1958-03-01,2.032,0.126,China
1958-04-01,9.056,0.259,China
1958-05-01,13.159,0.241,China
1958-06-01,17.831,0.373,China
1958-07-01,20.317,0.341,China
1958-08-01,17.973,0.21,China
1958-09-01,14.630999999999998,0.211,China
1958-10-01,7.068,0.207,China
1958-11-01,0.285,0.15,China
1958-12-01,-4.369,0.25,China
1959-01-01,-8.35,0.333,China
1959-02-01,-4.564,0.222,China
1959-03-01,2.365,0.304,China
1959-04-01,9.035,0.265,China
1959-05-01,12.829,0.095,China
1959-06-01,17.405,0.21,China
1959-07-01,20.148,0.242,China
1959-08-01,19.289,0.168,China
1959-09-01,14.604,0.271,China
1959-10-01,8.578,0.297,China
1959-11-01,-0.7170000000000001,0.189,China
1959-12-01,-6.146,0.198,China
1960-01-01,-8.562999999999999,0.247,China
1960-02-01,-2.4619999999999997,0.342,China
1960-03-01,2.266,0.153,China
1960-04-01,7.19,0.185,China
1960-05-01,12.886,0.295,China
1960-06-01,17.832,0.259,China
1960-07-01,19.855,0.188,China
1960-08-01,18.977999999999998,0.287,China
1960-09-01,14.837,0.136,China
1960-10-01,7.097,0.17600000000000002,China
1960-11-01,-0.477,0.304,China
1960-12-01,-6.747999999999998,0.199,China
1961-01-01,-8.349,0.233,China
1961-02-01,-4.8950000000000005,0.131,China
1961-03-01,1.6,0.199,China
1961-04-01,9.068999999999999,0.297,China
1961-05-01,13.533,0.22,China
1961-06-01,18.469,0.309,China
1961-07-01,20.397,0.204,China
1961-08-01,18.952,0.12,China
1961-09-01,14.515,0.127,China
1961-10-01,7.635,0.289,China
1961-11-01,0.447,0.14800000000000002,China
1961-12-01,-6.766,0.267,China
1962-01-01,-8.838999999999997,0.254,China
1962-02-01,-4.235,0.224,China
1962-03-01,0.8010000000000002,0.248,China
1962-04-01,7.5310000000000015,0.254,China
1962-05-01,13.642999999999999,0.187,China
1962-06-01,17.559,0.562,China
1962-07-01,20.079,0.265,China
1962-08-01,18.881,0.22,China
1962-09-01,14.577,0.273,China
1962-10-01,7.5120000000000005,0.378,China
1962-11-01,-1.171,0.185,China
1962-12-01,-5.893999999999999,0.279,China
1963-01-01,-8.968,0.218,China
1963-02-01,-4.502000000000002,0.16699999999999998,China
1963-03-01,2.739,0.119,China
1963-04-01,7.657,0.24,China
1963-05-01,14.306,0.322,China
1963-06-01,17.698999999999995,0.21,China
1963-07-01,19.828,0.295,China
1963-08-01,19.229,0.153,China
1963-09-01,14.87,0.274,China
1963-10-01,7.3889999999999985,0.147,China
1963-11-01,0.483,0.205,China
1963-12-01,-6.1,0.18,China
1964-01-01,-8.017000000000001,0.16,China
1964-02-01,-7.904,0.278,China
1964-03-01,1.916,0.135,China
1964-04-01,9.384,0.193,China
1964-05-01,13.605,0.208,China
1964-06-01,17.278,0.319,China
1964-07-01,19.624,0.212,China
1964-08-01,19.021,0.225,China
1964-09-01,14.307,0.146,China
1964-10-01,7.822,0.277,China
1964-11-01,0.245,0.175,China
1964-12-01,-6.3279999999999985,0.179,China
1965-01-01,-6.9209999999999985,0.187,China
1965-02-01,-4.8069999999999995,0.115,China
1965-03-01,0.6559999999999999,0.29,China
1965-04-01,7.897,0.13,China
1965-05-01,13.958,0.307,China
1965-06-01,17.677,0.463,China
1965-07-01,19.55,0.3,China
1965-08-01,18.254,0.114,China
1965-09-01,14.03,0.174,China
1965-10-01,8.167,0.228,China
1965-11-01,0.431,0.264,China
1965-12-01,-7.292999999999998,0.307,China
1966-01-01,-7.299999999999999,0.194,China
1966-02-01,-3.0130000000000003,0.124,China
1966-03-01,2.238,0.221,China
1966-04-01,7.7440000000000015,0.14800000000000002,China
1966-05-01,13.51,0.183,China
1966-06-01,17.758,0.161,China
1966-07-01,19.673,0.198,China
1966-08-01,19.415,0.192,China
1966-09-01,13.825,0.264,China
1966-10-01,7.532999999999999,0.2,China
1966-11-01,-0.34,0.154,China
1966-12-01,-7.499,0.16899999999999998,China
1967-01-01,-8.972000000000001,0.17600000000000002,China
1967-02-01,-5.767,0.203,China
1967-03-01,1.469,0.235,China
1967-04-01,7.867999999999999,0.121,China
1967-05-01,14.741,0.259,China
1967-06-01,17.634,0.171,China
1967-07-01,19.887999999999998,0.365,China
1967-08-01,19.27,0.28300000000000003,China
1967-09-01,13.86,0.244,China
1967-10-01,7.369999999999999,0.13699999999999998,China
1967-11-01,-2.015,0.099,China
1967-12-01,-8.515,0.191,China
1968-01-01,-8.414,0.17800000000000002,China
1968-02-01,-7.5729999999999995,0.193,China
1968-03-01,2.323,0.138,China
1968-04-01,7.9540000000000015,0.17,China
1968-05-01,13.703,0.111,China
1968-06-01,17.737000000000002,0.303,China
1968-07-01,19.733,0.21,China
1968-08-01,18.171,0.192,China
1968-09-01,14.037,0.166,China
1968-10-01,6.864,0.182,China
1968-11-01,0.7659999999999999,0.133,China
1968-12-01,-4.577,0.19,China
1969-01-01,-9.202,0.195,China
1969-02-01,-7.561,0.187,China
1969-03-01,1.6059999999999999,0.116,China
1969-04-01,8.244,0.208,China
1969-05-01,14.48,0.16399999999999998,China
1969-06-01,17.134999999999998,0.233,China
1969-07-01,19.662,0.207,China
1969-08-01,18.49,0.251,China
1969-09-01,14.071,0.154,China
1969-10-01,8.094,0.135,China
1969-11-01,-0.8640000000000001,0.2,China
1969-12-01,-6.683,0.238,China
1970-01-01,-8.788,0.225,China
1970-02-01,-4.4460000000000015,0.151,China
1970-03-01,-1.251,0.205,China
1970-04-01,7.751,0.234,China
1970-05-01,14.01,0.224,China
1970-06-01,17.249000000000002,0.287,China
1970-07-01,19.75,0.181,China
1970-08-01,19.151,0.158,China
1970-09-01,14.110999999999999,0.134,China
1970-10-01,7.471,0.18,China
1970-11-01,-0.305,0.124,China
1970-12-01,-5.885,0.187,China
1971-01-01,-8.171999999999999,0.161,China
1971-02-01,-5.394,0.206,China
1971-03-01,1.0,0.119,China
1971-04-01,8.562999999999999,0.146,China
1971-05-01,13.427,0.181,China
1971-06-01,17.662,0.195,China
1971-07-01,19.984,0.189,China
1971-08-01,18.613,0.196,China
1971-09-01,13.982,0.183,China
1971-10-01,7.3599999999999985,0.209,China
1971-11-01,0.7909999999999999,0.17800000000000002,China
1971-12-01,-5.6610000000000005,0.14800000000000002,China
1972-01-01,-6.8039999999999985,0.18,China
1972-02-01,-7.086,0.157,China
1972-03-01,2.6180000000000003,0.114,China
1972-04-01,7.711,0.214,China
1972-05-01,14.190999999999999,0.092,China
1972-06-01,17.999000000000002,0.23,China
1972-07-01,19.64,0.235,China
1972-08-01,18.843,0.18,China
1972-09-01,13.556,0.17,China
1972-10-01,7.166,0.223,China
1972-11-01,-0.065,0.096,China
1972-12-01,-5.996,0.197,China
1973-01-01,-7.274999999999999,0.268,China
1973-02-01,-3.4390000000000005,0.229,China
1973-03-01,2.126,0.268,China
1973-04-01,9.17,0.18,China
1973-05-01,13.395999999999999,0.261,China
1973-06-01,17.494,0.092,China
1973-07-01,19.847,0.174,China
1973-08-01,19.015,0.237,China
1973-09-01,14.595999999999998,0.086,China
1973-10-01,7.0939999999999985,0.218,China
1973-11-01,0.602,0.115,China
1973-12-01,-6.111000000000001,0.166,China
1974-01-01,-7.959,0.21600000000000005,China
1974-02-01,-5.9479999999999995,0.255,China
1974-03-01,0.6970000000000002,0.19,China
1974-04-01,9.165,0.133,China
1974-05-01,14.196,0.18600000000000005,China
1974-06-01,17.379,0.131,China
1974-07-01,19.836,0.105,China
1974-08-01,18.471,0.252,China
1974-09-01,14.154000000000002,0.191,China
1974-10-01,7.3420000000000005,0.114,China
1974-11-01,0.677,0.364,China
1974-12-01,-8.097000000000001,0.285,China
1975-01-01,-7.321999999999999,0.19,China
1975-02-01,-4.449000000000002,0.231,China
1975-03-01,2.347,0.083,China
1975-04-01,8.591000000000001,0.14300000000000002,China
1975-05-01,12.962,0.165,China
1975-06-01,17.979,0.206,China
1975-07-01,19.634,0.285,China
1975-08-01,19.397000000000002,0.416,China
1975-09-01,15.296,0.218,China
1975-10-01,8.464,0.185,China
1975-11-01,0.118,0.128,China
1975-12-01,-7.805999999999999,0.182,China
1976-01-01,-7.523,0.199,China
1976-02-01,-3.1420000000000003,0.112,China
1976-03-01,0.416,0.177,China
1976-04-01,7.422999999999999,0.151,China
1976-05-01,13.68,0.319,China
1976-06-01,16.916,0.218,China
1976-07-01,18.9,0.316,China
1976-08-01,17.986,0.187,China
1976-09-01,14.043,0.255,China
1976-10-01,7.582000000000001,0.265,China
1976-11-01,-1.744,0.09,China
1976-12-01,-6.882999999999999,0.085,China
1977-01-01,-10.341,0.16399999999999998,China
1977-02-01,-5.9540000000000015,0.214,China
1977-03-01,2.237,0.191,China
1977-04-01,8.407,0.119,China
1977-05-01,13.219000000000001,0.223,China
1977-06-01,17.498,0.188,China
1977-07-01,19.908,0.224,China
1977-08-01,18.835,0.224,China
1977-09-01,14.857999999999999,0.209,China
1977-10-01,8.392000000000001,0.134,China
1977-11-01,0.35600000000000004,0.113,China
1977-12-01,-5.199,0.232,China
1978-01-01,-9.151,0.303,China
1978-02-01,-6.114000000000001,0.285,China
1978-03-01,1.2440000000000002,0.171,China
1978-04-01,8.994,0.243,China
1978-05-01,14.237,0.13,China
1978-06-01,18.267,0.181,China
1978-07-01,20.09,0.259,China
1978-08-01,19.09,0.232,China
1978-09-01,14.464,0.094,China
1978-10-01,7.537000000000001,0.145,China
1978-11-01,0.6809999999999999,0.219,China
1978-12-01,-4.760999999999999,0.298,China
1979-01-01,-6.856,0.195,China
1979-02-01,-3.2119999999999997,0.184,China
1979-03-01,0.908,0.189,China
1979-04-01,8.015,0.225,China
1979-05-01,13.545,0.198,China
1979-06-01,17.922,0.135,China
1979-07-01,19.262999999999998,0.13,China
1979-08-01,18.727,0.271,China
1979-09-01,13.53,0.087,China
1979-10-01,8.407,0.134,China
1979-11-01,-0.684,0.124,China
1979-12-01,-4.675999999999998,0.155,China
1980-01-01,-8.221,0.106,China
1980-02-01,-5.497000000000001,0.104,China
1980-03-01,0.8130000000000001,0.156,China
1980-04-01,7.686,0.14400000000000002,China
1980-05-01,14.046,0.118,China
1980-06-01,18.004,0.21600000000000005,China
1980-07-01,19.859,0.22,China
1980-08-01,18.479,0.191,China
1980-09-01,13.959000000000001,0.106,China
1980-10-01,7.595,0.111,China
1980-11-01,2.37,0.14300000000000002,China
1980-12-01,-5.692,0.112,China
1981-01-01,-8.200999999999999,0.17,China
1981-02-01,-4.3950000000000005,0.157,China
1981-03-01,2.688,0.125,China
1981-04-01,9.318999999999999,0.19,China
1981-05-01,13.85,0.179,China
1981-06-01,18.201,0.281,China
1981-07-01,20.424,0.245,China
1981-08-01,18.855,0.16899999999999998,China
1981-09-01,14.175,0.179,China
1981-10-01,6.412000000000001,0.24,China
1981-11-01,-1.55,0.16899999999999998,China
1981-12-01,-6.6610000000000005,0.197,China
1982-01-01,-6.3969999999999985,0.101,China
1982-02-01,-4.266,0.1,China
1982-03-01,1.925,0.227,China
1982-04-01,8.089,0.139,China
1982-05-01,13.995999999999999,0.23,China
1982-06-01,17.438,0.256,China
1982-07-01,19.73,0.207,China
1982-08-01,18.984,0.083,China
1982-09-01,13.864,0.156,China
1982-10-01,8.77,0.098,China
1982-11-01,0.195,0.248,China
1982-12-01,-6.531000000000001,0.256,China
1983-01-01,-7.973999999999998,0.193,China
1983-02-01,-5.7970000000000015,0.201,China
1983-03-01,1.2120000000000002,0.14,China
1983-04-01,7.824000000000002,0.121,China
1983-05-01,14.105,0.204,China
1983-06-01,17.169,0.27,China
1983-07-01,19.43,0.17,China
1983-08-01,18.998,0.114,China
1983-09-01,15.117,0.165,China
1983-10-01,8.061,0.177,China
1983-11-01,0.941,0.196,China
1983-12-01,-5.9849999999999985,0.275,China
1984-01-01,-9.268,0.17600000000000002,China
1984-02-01,-6.3500000000000005,0.168,China
1984-03-01,1.1700000000000002,0.207,China
1984-04-01,8.207,0.079,China
1984-05-01,14.037,0.124,China
1984-06-01,17.852999999999994,0.156,China
1984-07-01,19.367,0.239,China
1984-08-01,18.767,0.226,China
1984-09-01,13.812,0.16699999999999998,China
1984-10-01,7.4510000000000005,0.145,China
1984-11-01,0.7090000000000001,0.201,China
1984-12-01,-7.539999999999999,0.223,China
1985-01-01,-8.546,0.159,China
1985-02-01,-4.803000000000001,0.13699999999999998,China
1985-03-01,0.15200000000000016,0.121,China
1985-04-01,8.886000000000003,0.237,China
1985-05-01,14.114,0.218,China
1985-06-01,17.567999999999998,0.315,China
1985-07-01,19.529,0.177,China
1985-08-01,19.375999999999998,0.16,China
1985-09-01,13.594,0.242,China
1985-10-01,8.09,0.134,China
1985-11-01,-0.32899999999999996,0.147,China
1985-12-01,-6.747999999999998,0.327,China
1986-01-01,-7.4049999999999985,0.312,China
1986-02-01,-5.024,0.238,China
1986-03-01,1.404,0.245,China
1986-04-01,7.735,0.17,China
1986-05-01,14.264000000000001,0.13699999999999998,China
1986-06-01,18.049,0.16399999999999998,China
1986-07-01,19.758,0.141,China
1986-08-01,18.668,0.213,China
1986-09-01,14.067,0.204,China
1986-10-01,6.862,0.131,China
1986-11-01,-0.455,0.154,China
1986-12-01,-5.481,0.126,China
1987-01-01,-6.791,0.212,China
1987-02-01,-2.9230000000000005,0.126,China
1987-03-01,1.449,0.136,China
1987-04-01,8.481,0.123,China
1987-05-01,13.445,0.147,China
1987-06-01,17.415,0.175,China
1987-07-01,19.76,0.134,China
1987-08-01,18.848,0.221,China
1987-09-01,14.575,0.196,China
1987-10-01,7.8420000000000005,0.134,China
1987-11-01,0.125,0.162,China
1987-12-01,-5.238,0.139,China
1988-01-01,-6.619999999999999,0.235,China
1988-02-01,-5.388999999999999,0.197,China
1988-03-01,-0.018999999999999902,0.146,China
1988-04-01,8.287,0.154,China
1988-05-01,13.628,0.159,China
1988-06-01,18.345,0.221,China
1988-07-01,20.304,0.147,China
1988-08-01,18.9,0.179,China
1988-09-01,14.684,0.172,China
1988-10-01,8.116,0.18600000000000005,China
1988-11-01,0.912,0.16699999999999998,China
1988-12-01,-4.497999999999998,0.14400000000000002,China
1989-01-01,-7.393999999999999,0.246,China
1989-02-01,-4.452,0.095,China
1989-03-01,1.814,0.214,China
1989-04-01,8.282,0.232,China
1989-05-01,14.05,0.184,China
1989-06-01,17.467,0.17600000000000002,China
1989-07-01,19.579,0.231,China
1989-08-01,18.744,0.311,China
1989-09-01,14.648,0.247,China
1989-10-01,8.564,0.19,China
1989-11-01,0.06200000000000001,0.138,China
1989-12-01,-4.486999999999999,0.174,China
1990-01-01,-7.151,0.155,China
1990-02-01,-3.761,0.129,China
1990-03-01,2.889,0.199,China
1990-04-01,7.676,0.111,China
1990-05-01,13.765,0.194,China
1990-06-01,18.192,0.228,China
1990-07-01,19.863,0.209,China
1990-08-01,19.25,0.19,China
1990-09-01,14.892,0.193,China
1990-10-01,8.579,0.221,China
1990-11-01,2.103,0.258,China
1990-12-01,-4.664999999999999,0.127,China
1991-01-01,-7.524999999999999,0.192,China
1991-02-01,-3.9250000000000007,0.109,China
1991-03-01,1.5810000000000002,0.196,China
1991-04-01,8.078000000000001,0.102,China
1991-05-01,13.679,0.153,China
1991-06-01,18.004,0.14,China
1991-07-01,20.059,0.21,China
1991-08-01,18.904,0.21600000000000005,China
1991-09-01,14.517,0.171,China
1991-10-01,7.625999999999999,0.132,China
1991-11-01,0.087,0.122,China
1991-12-01,-5.919,0.124,China
1992-01-01,-7.318,0.132,China
1992-02-01,-4.629,0.231,China
1992-03-01,1.406,0.233,China
1992-04-01,9.359,0.248,China
1992-05-01,13.682,0.129,China
1992-06-01,17.22,0.225,China
1992-07-01,19.272,0.17,China
1992-08-01,18.496,0.115,China
1992-09-01,14.042,0.239,China
1992-10-01,6.6869999999999985,0.058,China
1992-11-01,-0.5650000000000001,0.208,China
1992-12-01,-5.350999999999999,0.391,China
1993-01-01,-8.565999999999999,0.108,China
1993-02-01,-2.4120000000000004,0.129,China
1993-03-01,2.478,0.205,China
1993-04-01,8.267999999999999,0.171,China
1993-05-01,13.219000000000001,0.281,China
1993-06-01,17.599,0.171,China
1993-07-01,19.234,0.192,China
1993-08-01,17.883,0.139,China
1993-09-01,14.402999999999999,0.16899999999999998,China
1993-10-01,7.196000000000001,0.097,China
1993-11-01,-0.121,0.211,China
1993-12-01,-6.148,0.199,China
1994-01-01,-7.049,0.208,China
1994-02-01,-4.1480000000000015,0.197,China
1994-03-01,0.893,0.168,China
1994-04-01,9.235,0.168,China
1994-05-01,14.597000000000001,0.18,China
1994-06-01,18.31,0.221,China
1994-07-01,20.522,0.229,China
1994-08-01,19.494,0.156,China
1994-09-01,14.241,0.217,China
1994-10-01,7.047000000000001,0.091,China
1994-11-01,2.141,0.191,China
1994-12-01,-5.331,0.189,China
1995-01-01,-8.067,0.134,China
1995-02-01,-4.046,0.204,China
1995-03-01,1.742,0.18600000000000005,China
1995-04-01,7.7570000000000014,0.208,China
1995-05-01,14.218,0.165,China
1995-06-01,18.426,0.17600000000000002,China
1995-07-01,19.738,0.188,China
1995-08-01,18.81,0.132,China
1995-09-01,14.66,0.189,China
1995-10-01,8.334,0.14300000000000002,China
1995-11-01,0.89,0.099,China
1995-12-01,-5.922999999999999,0.073,China
1996-01-01,-8.036,0.146,China
1996-02-01,-4.711,0.115,China
1996-03-01,1.4609999999999999,0.128,China
1996-04-01,7.73,0.168,China
1996-05-01,14.067,0.114,China
1996-06-01,17.752,0.238,China
1996-07-01,19.589,0.18600000000000005,China
1996-08-01,18.707,0.18,China
1996-09-01,14.587,0.147,China
1996-10-01,7.834,0.13699999999999998,China
1996-11-01,-0.012,0.133,China
1996-12-01,-5.416,0.171,China
1997-01-01,-7.127999999999999,0.07200000000000001,China
1997-02-01,-4.386,0.131,China
1997-03-01,3.3120000000000003,0.263,China
1997-04-01,9.023,0.159,China
1997-05-01,14.605,0.141,China
1997-06-01,17.997,0.138,China
1997-07-01,20.28,0.203,China
1997-08-01,19.430999999999997,0.227,China
1997-09-01,13.636,0.193,China
1997-10-01,7.489999999999998,0.18600000000000005,China
1997-11-01,0.185,0.103,China
1997-12-01,-6.037000000000001,0.15,China
1998-01-01,-8.267000000000001,0.116,China
1998-02-01,-2.1760000000000006,0.132,China
1998-03-01,2.1180000000000003,0.161,China
1998-04-01,10.799000000000001,0.128,China
1998-05-01,14.458,0.205,China
1998-06-01,18.462,0.14,China
1998-07-01,20.232,0.119,China
1998-08-01,19.112000000000002,0.112,China
1998-09-01,15.683,0.16699999999999998,China
1998-10-01,9.128,0.122,China
1998-11-01,1.621,0.087,China
1998-12-01,-4.548,0.14800000000000002,China
1999-01-01,-6.332999999999999,0.139,China
1999-02-01,-1.8440000000000003,0.084,China
1999-03-01,1.7120000000000002,0.13,China
1999-04-01,9.692,0.18600000000000005,China
1999-05-01,14.245,0.131,China
1999-06-01,18.468,0.138,China
1999-07-01,20.246,0.127,China
1999-08-01,18.964000000000002,0.122,China
1999-09-01,15.317,0.185,China
1999-10-01,8.084,0.183,China
1999-11-01,0.974,0.16,China
1999-12-01,-5.442,0.227,China
2000-01-01,-8.254,0.249,China
2000-02-01,-5.5390000000000015,0.141,China
2000-03-01,2.1959999999999997,0.158,China
2000-04-01,8.84,0.121,China
2000-05-01,15.253,0.139,China
2000-06-01,18.493,0.248,China
2000-07-01,20.941999999999997,0.196,China
2000-08-01,19.08,0.249,China
2000-09-01,14.741,0.14,China
2000-10-01,7.385999999999999,0.188,China
2000-11-01,-0.764,0.145,China
2000-12-01,-5.517,0.133,China
2001-01-01,-7.728,0.191,China
2001-02-01,-3.8089999999999997,0.128,China
2001-03-01,2.478,0.236,China
2001-04-01,8.556000000000001,0.183,China
2001-05-01,14.723,0.179,China
2001-06-01,18.593,0.177,China
2001-07-01,20.833,0.127,China
2001-08-01,19.096,0.134,China
2001-09-01,15.011,0.235,China
2001-10-01,8.745999999999999,0.149,China
2001-11-01,1.406,0.181,China
2001-12-01,-6.747999999999998,0.171,China
2002-01-01,-5.917000000000001,0.123,China
2002-02-01,-1.7200000000000002,0.116,China
2002-03-01,3.86,0.218,China
2002-04-01,9.195,0.154,China
2002-05-01,14.157,0.14800000000000002,China
2002-06-01,18.738,0.125,China
2002-07-01,20.319000000000003,0.201,China
2002-08-01,19.284000000000002,0.123,China
2002-09-01,14.272,0.16399999999999998,China
2002-10-01,7.4769999999999985,0.247,China
2002-11-01,0.24600000000000002,0.193,China
2002-12-01,-6.363,0.214,China
2003-01-01,-7.209,0.246,China
2003-02-01,-2.8050000000000006,0.166,China
2003-03-01,2.331,0.177,China
2003-04-01,9.037,0.217,China
2003-05-01,13.892000000000001,0.231,China
2003-06-01,18.086,0.279,China
2003-07-01,19.766,0.246,China
2003-08-01,18.971,0.245,China
2003-09-01,15.089,0.228,China
2003-10-01,8.142000000000001,0.29100000000000004,China
2003-11-01,0.534,0.133,China
2003-12-01,-5.5699999999999985,0.155,China
2004-01-01,-7.353999999999999,0.236,China
2004-02-01,-2.7440000000000007,0.181,China
2004-03-01,3.138,0.211,China
2004-04-01,10.284,0.192,China
2004-05-01,14.171,0.2,China
2004-06-01,18.159000000000002,0.273,China
2004-07-01,19.886,0.193,China
2004-08-01,18.757,0.192,China
2004-09-01,14.795,0.113,China
2004-10-01,7.6610000000000005,0.225,China
2004-11-01,1.002,0.207,China
2004-12-01,-5.202000000000001,0.132,China
2005-01-01,-7.648,0.256,China
2005-02-01,-5.73,0.196,China
2005-03-01,2.237,0.14,China
2005-04-01,9.581,0.18600000000000005,China
2005-05-01,14.079,0.142,China
2005-06-01,19.03,0.198,China
2005-07-01,20.465,0.18,China
2005-08-01,18.861,0.16399999999999998,China
2005-09-01,15.706,0.08800000000000001,China
2005-10-01,8.201,0.183,China
2005-11-01,1.359,0.129,China
2005-12-01,-7.1789999999999985,0.166,China
2006-01-01,-7.001999999999999,0.231,China
2006-02-01,-3.2239999999999998,0.172,China
2006-03-01,2.53,0.233,China
2006-04-01,8.887,0.278,China
2006-05-01,14.524,0.226,China
2006-06-01,18.417,0.221,China
2006-07-01,20.615,0.206,China
2006-08-01,20.066,0.17,China
2006-09-01,14.797,0.105,China
2006-10-01,9.595,0.131,China
2006-11-01,1.694,0.17800000000000002,China
2006-12-01,-5.523,0.126,China
2007-01-01,-6.791,0.12,China
2007-02-01,-1.1770000000000005,0.138,China
2007-03-01,2.673,0.171,China
2007-04-01,9.246,0.14300000000000002,China
2007-05-01,15.425999999999998,0.129,China
2007-06-01,18.807000000000002,0.153,China
2007-07-01,20.174,0.095,China
2007-08-01,19.787,0.121,China
2007-09-01,14.989,0.196,China
2007-10-01,8.052999999999999,0.12,China
2007-11-01,1.012,0.099,China
2007-12-01,-4.678,0.14400000000000002,China
2008-01-01,-8.899999999999997,0.244,China
2008-02-01,-6.205,0.258,China
2008-03-01,4.336,0.175,China
2008-04-01,9.603,0.135,China
2008-05-01,14.874,0.136,China
2008-06-01,18.462,0.22,China
2008-07-01,20.28,0.107,China
2008-08-01,18.826,0.202,China
2008-09-01,15.071,0.16399999999999998,China
2008-10-01,8.635,0.12,China
2008-11-01,0.84,0.154,China
2008-12-01,-5.029,0.139,China
2009-01-01,-6.9209999999999985,0.157,China
2009-02-01,-1.879,0.177,China
2009-03-01,2.721,0.133,China
2009-04-01,10.277,0.217,China
2009-05-01,14.555,0.147,China
2009-06-01,18.412,0.116,China
2009-07-01,20.250999999999998,0.238,China
2009-08-01,19.157,0.237,China
2009-09-01,15.26,0.121,China
2009-10-01,8.934999999999997,0.125,China
2009-11-01,-0.926,0.202,China
2009-12-01,-6.127999999999999,0.159,China
2010-01-01,-6.7189999999999985,0.264,China
2010-02-01,-3.886,0.244,China
2010-03-01,1.7360000000000002,0.19,China
2010-04-01,7.349,0.162,China
2010-05-01,14.293,0.182,China
2010-06-01,18.649,0.179,China
2010-07-01,21.043000000000003,0.191,China
2010-08-01,19.657,0.241,China
2010-09-01,15.117,0.14800000000000002,China
2010-10-01,7.989999999999998,0.105,China
2010-11-01,1.401,0.196,China
2010-12-01,-6.049,0.222,China
2011-01-01,-10.498,0.198,China
2011-02-01,-3.0990000000000006,0.131,China
2011-03-01,0.6679999999999999,0.251,China
2011-04-01,9.503,0.14800000000000002,China
2011-05-01,14.274000000000001,0.204,China
2011-06-01,18.73,0.213,China
2011-07-01,20.449,0.17,China
2011-08-01,19.623,0.129,China
2011-09-01,14.466,0.182,China
2011-10-01,8.493,0.16,China
2011-11-01,1.891,0.142,China
2011-12-01,-6.215,0.26,China
2012-01-01,-9.344,0.194,China
2012-02-01,-5.1930000000000005,0.202,China
2012-03-01,1.666,0.153,China
2012-04-01,9.736,0.251,China
2012-05-01,15.09,0.219,China
2012-06-01,18.236,0.259,China
2012-07-01,20.389,0.276,China
2012-08-01,19.458,0.281,China
2012-09-01,14.479,0.306,China
2012-10-01,7.683999999999998,0.349,China
2012-11-01,-0.254,0.33,China
2012-12-01,-7.0219999999999985,0.339,China
2013-01-01,-8.136999999999999,0.369,China
2013-02-01,-3.812,0.385,China
2013-03-01,3.819,0.311,China
2013-04-01,8.577,0.243,China
2013-05-01,14.824000000000002,0.171,China
2013-06-01,18.636,0.238,China
2013-07-01,20.482,0.153,China
2013-08-01,19.971,0.223,China
2013-09-01,,,China